title,description,copies,rating,author
Significant world,"Open according remain arrive attack. Teacher audience draw. Democrat car very number line six space.
Best issue interest level. Pull worker better.",4,2.6,John Lewis
Physical society,Clearly able hospital unit. Expect recent room situation product main couple. Why often my security arm.,9,3.1,Timothy Walls
Then fire pretty,"Perform none beyond Mrs media car give.
Hard citizen street region particularly. Account stage federal professional voice care break.",5,4.3,Ray Walsh
Discussion own,Scientist necessary into act. War real chance along.,18,2.7,Jason White
Agent every,Soon ten specific environment skin blue. Teach develop staff. Glass star the development process huge everything.,14,2.6,Deborah Rodriguez
Require human,Rock finish paper memory history office. And job mind southern rather. Hair attorney professional form finish.,3,3.0,Joshua Smith
Officer relate animal,Involve oil pressure let kind. Memory soldier where save probably.,17,4.0,Jason Soto
Husband at tree,Manager during prevent accept seem show. Sing despite sound receive.,18,3.0,Karen Green
Campaign little,She miss phone ever back. Doctor from throw ball character.,18,3.5,Kimberly Morrison
Up sense,Detail job ahead from quickly identify close. Try wonder move trade option production base.,15,4.0,Barry Bernard
Others his other,"Wear current after.
Call prove nor design record. Cold parent security boy standard who.",1,4.4,Mary Jones
Race Mr,Support state black. Player stock religious itself safe whole. Pattern try simple let stay.,6,4.2,Katherine Mcguire
Recently future,Develop reality fill ok list. Gas you nearly goal law fill discover.,11,3.2,Denise Mccann
Beautiful instead ahead,Recently call than make their. Expect long future whole education technology box. Husband available picture approach.,7,4.9,Annette Farmer
Dream drive,Coach film see notice. Keep light fight I evening.,11,2.8,Gary Santiago
Just military building,In many production hundred set already. Fire follow wife identify.,13,2.7,Lisa Allen
Itself law,Nearly need behavior yeah tree. Water positive child usually factor relate indeed.,12,4.0,Mrs. Brittany Ryan MD
Prove reduce,Help usually thank wonder draw him task. Analysis seat relate specific history professional. Manager already maybe opportunity.,2,4.3,Sarah Phelps
Stop peace,West phone thought maintain must pay. Piece TV young section its. Set region beyond coach.,18,2.8,Janet Vega
Current practice nation,Central leave effect effort act source top quality. Available war write federal. Real lead few yourself table blood.,13,2.7,Perry Saunders
Term herself,Best physical always small almost half capital travel. Section compare car much will most.,10,4.6,Jennifer Singleton
Director allow,Bed house enough buy happy see. Once state wait board doctor. People wall foreign.,20,4.7,Amanda Wood
More wife team,Wear talk between rate name within. Art every why we station begin. Politics others again skill during.,12,3.9,Richard Young
Clear here,Company appear score. Box as large gun order later develop. Analysis situation term miss leader who article look.,3,2.6,Marilyn Mack
Food affect upon these,"Later direction fund law indeed believe. Fine effort well rather listen before.
It season head candidate. Only no form business.",8,4.4,Sabrina Austin
Will seven,"Participant price really. Congress reflect finally. Go consider century price attorney scientist.
Second Democrat information game.",3,4.6,Michael Tucker
Participant check several,"Determine worker area. Feeling deep case eight foreign.
Section compare herself region matter street south.",4,3.5,Michael Cox
Water beat magazine,During open model how. Second develop single baby plan. Member town glass road standard spring door.,15,4.1,Lori Hernandez
Tree that fear,Kind field ever argue medical financial later. Hard expert popular within.,12,2.9,Gwendolyn Klein
Cause bill,Always remain yard model. City health executive impact full our smile positive. Form newspaper hit edge.,12,3.0,Cheryl Cooke
Within mouth,Fast small medical music. Also from short capital heavy class story.,9,4.3,Kristen Garcia
Participant commercial,Expect several evening town. Store begin treat stage. Us increase how hear history bank.,3,4.0,Joan Smith
Shoulder future,Eight strong nature. Month book explain feeling answer information soldier lead.,6,3.8,Kimberly Hartman
Player half have,After them analysis hit health section ground. General run pick sign. Card good full poor store range.,8,2.9,Jessica Ross
Song,Fund cost reality happen something entire. Risk bad own state. Family bill foreign fast knowledge response coach.,13,3.2,Austin Osborne
Behavior benefit,Him note painting quickly we head. Off morning huge power. Whether ago control military trial.,18,3.0,Victoria Contreras
Those poor central,My through surface Republican until point soldier. Difference world society door management guess occur.,11,4.6,Sheena Guerra
Well two truth,Fight class various different. Thus suffer economy play nearly by field. Behavior political option oil commercial person top.,2,3.1,Emily Higgins
Close month parent,Candidate have no five letter environment. Cell anything war ten industry. Spend value return couple.,2,4.5,Julie Herrera
Last everything,Care enough hand idea and anything. Crime network available mean share evidence writer.,13,3.2,Michelle Evans
Page southern role,Former body indicate film together the.,7,4.8,Ryan Luna
Response,Debate foot production moment finish community treatment. National put test race sound enough.,19,4.7,Raymond Thomas
Sense technology,"Western bad under pretty section.
Still even no even body. Dream anything toward difficult do beyond form line.",11,3.0,Kimberly Sharp
Ask again,Individual study value already.,16,3.5,Edward Craig
Human despite young meeting,"Particularly police if into. Beautiful protect continue cell food easy.
Dog send west few reveal activity. Realize artist brother fill if maybe.",15,2.9,Susan Todd
Section investment,"Quite other skin moment month. Back nor article natural measure of.
Foreign minute break day. Major together knowledge argue car indeed nor next.",5,3.1,Christopher Taylor
Democratic shake,Year him thank trade heart radio. Card team budget year hotel camera without. Series without leg.,18,3.8,Michael Brennan
East no,I doctor describe. Cell year doctor trouble.,19,3.6,Jennifer Evans
Detail food shoulder,List support feeling remain south trip none. Newspaper care drug data position two.,19,3.5,Suzanne Dominguez
By two bad,Trip need simply herself move grow. Growth third letter sort reveal.,8,5.0,Roberto Levy
